Departamento,Provincia,Distrito,Dirección
AMAZONAS,AMAZONAS,CHACHAPOYAS,Jirón Triunfo Nº 903 1er piso 
AMAZONAS,Rodriguez de Mendoza,San Nicolás,Jirón Victor Mori Nº 204 San Nicolás
AMAZONAS,BAGUA,BAGUA,Calle Junín S/N
AMAZONAS,BONGARA,JAZAN,Avenida marginal N° 100 Pedro Ruíz
AMAZONAS,UTCUBAMBA,BAGUA GRANDE,Jirón Simón Bolivar N° 545
AMAZONAS,BAGUA,BAGUA,Jirón Los Cedros 263
AMAZONAS,CONDORCANQUI,NIEVA,Pasaje Ciro Alegría s/n Municipalidad de Nieva
ANCASH,HUARAZ,HUARAZ,Jirón Larrea y Laredo N° 764
ANCASH,HUAYLAS,CARAZ,Jirón Raimondi N° 215 - Caraz
ANCASH,Pomabamba,Pomabamba,Jirón  Huaraz No. 691
ANCASH,SANTA,SANTA,"Jirón Ladislao Espinar No.401 y Esquina de Enrique Palacios  Nos. 402, 416, 420 - Chimbote"
ANCASH,SANTA,SANTA,Centro Civico Mz. 74-75 Lote 1 Urb. Buenos Aires
ANCASH,Sihuas,Sihuas,Jirón  Señor de los Milagros Nº 211 - Pueblo Pingullo
ANCASH,HUARI,HUARI,Jr. Mariscal Luzuriaga Nº 522 Barrio San Bartolome 
ANCASH,CASMA,CASMA,Pasaje Hijuela Mz C Lt 13 Zona centro civico
ANCASH,RECUAY,RECUAY,Ca. Plaza de Armas s/n
ANCASH,HUARMEY,HUARMEY,Centro Cívico s/n 1er. Pabellón
ANCASH,CARLOS F. FITZTCARRALD,SAN LUIS,Av. Ramón Castilla N° 320
ANCASH,MARISCAL LUZURIAGA,PISCOBAMBA,Jirón San Pablo S/N Plaza de Armas
ANCASH,PALLASCA,PAMPAS,Plaza de Armas s/n Municipalidad 1er piso
ANCASH,YUNGAY,YUNGAY,
APURIMAC,ANDAHUAYLAS,ANDAHUAYLAS,Jr César Vallejo Nº 141
APURIMAC,ABANCAY,ABANCAY,Av. La Victoria 214
APURIMAC,CHINCHEROS,CHINCHEROS,Jr. Cotabambas Nº 121
APURIMAC,COTABAMBA,TAMBOBAMBA,Plaza de Armas s/n 3er piso
AREQUIPA,AREQUIPA,AREQUIPA,Av. San Juan de Dios Nº 122 y Santo Domingo Nº 101
AREQUIPA,Arequipa,Cayma,Av. Ramón Castilla s/n
AREQUIPA,CAMANA,CAMANA,Avenida Mariscal Castilla N° 221
AREQUIPA,ISLAY,MOLLENDO,Ca. Arequipa Nº 261 Islay
AREQUIPA,CALLOMA,MAJES,Arequpa s/n estadio almirante miguel grau
AREQUIPA,CAYLLOMA,CHIVAY,Calle Siglo XX S/N
AREQUIPA,CARAVELI,CARAVELI,Jirón Bolivar 129
AREQUIPA,LA UNION,COTAHUASI,Calle Centenario 202
AREQUIPA,CONDESUYOS,CHUQUIBAMBA,Av. Alameda s/n Los Tres Errantes
AREQUIPA,CASTILLA,APLAO,Calle Progreso s/n
AREQUIPA,AREQUIPA,PAUCARPATA,
AYACUCHO,HUANTA,HUANTA,Jirón Ayacucho 313 Huanta
AYACUCHO,HUAMANGA,HUAMANGA,"Jirón  San Martin Nº 473, 475, 477 y 477A"
AYACUCHO,LUCANAS,CABANA,Jr Jorge Chavez Nº 272
AYACUCHO,PAUCAR DEL SARA SARA,PAUCAR DE SARA SARA,
AYACUCHO,LUCANAS,PUQUIO,Jr. San Pedro Nº 216
AYACUCHO,PARINACOCHAS,CORACORA,Jr. Bolognesi Nº 419
AYACUCHO,CANGALLO,CANGALLO,Jirón Larrea y Laredo N° 764
AYACUCHO,LA MAR,AYNA,Avenida 28 de julio s/n San Francisco
AYACUCHO,LA MAR,SAN MIGUEL,Jirón María Parado de Bellido s/n 
AYACUCHO,VICTOR FAJARDO,HUANCAPI,Plaza Principal s/n
AYACUCHO,VILCASHUAMAN,VILCASHUAMAN,Av. Los Incas 318
AYACUCHO,LA MAR,SAMUGARI - PALMAPAMPA,Jr. Los Laureles s/n
AYACUCHO,SUCRE,QUEROBAMBA,Jr. Bolívar s/n Plaza de Armas
AYACUCHO,HUANCASANCOS,SANCOS,Av. Progreso s/n
CAJAMARCA,CAJAMARCA,CAJAMARCA,Jirón Del Comercio Nº 633 Cajamarca
CAJAMARCA,JAEN,JAEN,Calle Mariscal Ureta 915
CAJAMARCA,CHOTA,CHOTA,Jirón 30 de agosto Nº 848
CAJAMARCA,CAJABAMBA,CAJABAMBA,Jr. Miguel Grau Nº 224
CAJAMARCA,HUALGAYOC,BAMBAMARCA,Jr. 07 de junio Nº 470
CAJAMARCA,SAN MARCOS,PEDRO GALVEZ,Jr. Alfonso Ugarte Nº 325
CAJAMARCA,CONTUMAZA,CONTUMAZA,Jr.  Miguel Grau Nº 212
CAJAMARCA,SAN PABLO,SAN PABLO,Jr. Plaza de Armas s/n
CAJAMARCA,JAEN,PUCARA,Ca. Lindo 548
CAJAMARCA,SAN IGNACIO,SAN IGNACIO,Jr. Santo Domingo N° 169
CAJAMARCA,CUTERVO,CUTERVO,Jirón Comercio N° 1105 Urb. Los Jardines
CAJAMARCA,SANTA CRUZ,SANTA CRUZ,Jirón Domingo Negrón N° 399
CAJAMARCA,CELENDIN,CELENDIN,Jirón Pardo 610
CUSCO,CUSCO,CUSCO,Avenida El Sol Nº 272 Cusco
CUSCO,CANCHIS,SICUANI,Av. Tupac Amaru 163 Sicuani
CUSCO,LA CONVENCION,SANTA ANA,Av. Grau Nº 238 Quilcabamba
CUSCO,PAUCARTAMBO,PAUCARTAMBO,Av. Enrique Yabar s/n
CUSCO,LA CONVENCION,PICHARI,Av. Brasil s/n Local Serenazgo de Pichari
CUSCO,ESPINAR,ESPINAR,Calle Teatro s/n
CUSCO,CALCA,CALCA,Calle Grau s/n Plaza de Armas
CUSCO,QUISPICANCHI,URCOS,Jr. Huascar N° 181
CUSCO,CHUMBIVILCAS,SANTO TOMAS,Calle Dos de Mayo S/N
CUSCO,ANTA,ANTA,JR. JAQUIJAHUANA S/N IZCUCHACA DIST. ANTA
CUSCO,URUBAMBA,URUBAMBA,Av. Conchatupa s/n
HUANCAVELICA,ACOBAMBA,ACOBAMBA,Jr. Dos de Mayo N° 445
HUANCAVELICA,ANGARAES,LIRCAY,Av. Centenario S/N - Barrio de Pueblo Nuevo - Dentro del Centro Cívico
HUANCAVELICA,HUANCAVELICA,HUANCAVELICA,"Av. San Cristóbal Nº 384, 386 y 388"
HUANCAVELICA,Tayacaja,Colcabamba,Av. Centenario S/N
HUANCAVELICA,Tayacaja,Surcubamba,Calle Alfonso Ugarte S/N Palacio Municipal
HUANCAVELICA,TAYACAJA,TAYACAJA,Jr. Manco Cápac S/N con Jirón Alfonso Ugarte Córdova y Necochea - Coliseo Multiuso
HUANCAVELICA,CASTROVIRREYNA,CASTROVIRREYNA,Av. Los Libertadores s/n
HUANCAVELICA,CHURCAMPA,CHURCAMPA,Jr. Real N° 255
HUANCAVELICA,ACOBAMBA,PAUCARA,Plaza Mayor s/n
HUANCAVELICA,HUANCAVELICA,IZCUCHACA,Plaza Mayor s/n
HUANCAVELICA,HUAYTARA,HUAYTARA,Calle 24 de junio s/n Centro Civico
HUANUCO,Yarowilca,Chavinillo,Jirón Virgen del Fátima s/n Chavirillo
HUANUCO,Ambo,Ambo,Jr. 28 de julio Nº 697 Centro Cívico Ambo
HUANUCO,Leoncio Prado,José Crespo y Castillo,"Jirón Maria Parado de Bellido, Jose Crespo y Castillo"
HUANUCO,Leoncio Prado,Rupa Rupa,Jr. Chiclayo Nº 585 Rupa Rupa
HUANUCO,Pachitea,Panao,Jr. Bolognesi Nº 211 Panao Pachitea
HUANUCO,HUANUCO,HUANUCO,Jirón 28 de Julio 825
HUANUCO,Huamalíes,Llata, Jirón Huánuco N° 242
HUANUCO,DOS DE MAYO,LA UNION,Jr. Lourdes 221
HUANUCO,MARAÑON,HUACRACHUCO,Av. 28 de Julio N° 602
HUANUCO,LAURICOCHA,JESUS,Jr. Cristobal Colon s/n
HUANUCO,PUERTO INCA,PUERTO INCA,Jr. Vulcano s/n
HUANUCO,HUANUCO,AMARILIS,
HUANUCO,HUANUCO,HUANUCO,
HUANUCO,HUANUCO,CHINCHAO,
HUANUCO,HUANUCO,SANTA MARIA DEL VALLE,
HUANUCO,Leoncio Prado,Rupa Rupa,
ICA,CHINCHA,CHINCHA ALTA,Ca. Los Ángeles Nº 300
ICA,NASCA,NASCA,"Calle Fermin del Castillo Nª 270 Nasca, Ica"
ICA,ICA,ICA,Av. San Martín Nº 1366 Mz M 02 Lt 035 Urb. San Isidro
ICA,PISCO,PISCO,Calle San Juan de Dios 288 Pisco
ICA,ICA,PARCONA,Av. Jhon F. Kennedy Nº 500 con Calle Lima s/n
ICA,PALPA,PALPA,Portal Escribanos Nº 145 Municipio
JUNIN,CHANCHAMAYO,PICHANAQUI,Jr. Independencia s/n Coliseo Municipal
JUNIN,CHANCHAMAYO,CHANCHAMAYO,Prolongación Tarma Nº 236 Chanchamayo
JUNIN,TARMA,TARMA,Jirón Arequipa Nº 939 Tarma
JUNIN,HUANCAYO,HUANCAYO,Jirón Julio Sumar 351 El Tambo
JUNIN,JAUJA,JAUJA,Jr. Sucre N° 889
JUNIN,CHUPACA,CHUPACA,Jr. Grau N° 195 - Centro Cívico
JUNIN,SATIPO,PANGOA,Calle 07 de junio Nº 641 Plaza Principal Centro Cívico
JUNIN,YAULI,SANTA ROSA DE SACCO,Av.  Miguel Grau Nº309
JUNIN,SATIPO,SATIPO,Av. Micaela Bastidas y Jr. Augusto B. Leguía - Centro Cívico Ruben Rocha Mariños
JUNIN,SATIPO,MAZAMARI,Ca.  San Juan Nº 353
JUNIN,CONCEPCION,CONCEPCION,Calle Ricardo Palma s/n Mercado Modelo Interior 1
JUNIN,JUNIN,JUNIN,Jr. Simón Bolivar N° 820
LA LIBERTAD,OTUZCO,OTUZCO,Pasaje Elias Armas Castillo Nº 132 Otuzco
LA LIBERTAD,PACASMAYO,PACASMAYO,"Jr. Alianza Nº 524 distrito San Pedro de Lloc, Pacasmayo"
LA LIBERTAD,Pataz,Chillia,Jr. Miraflores S/N
LA LIBERTAD,SANCHEZ CARRION,SANCHEZ CARRION, Jr. Alfonso Ugarte N° 567
LA LIBERTAD,VIRÚ,VIRÚ,Lt. 8 Mz A Urb. Las Palmeras
LA LIBERTAD,ASCOPE,ASCOPE,Ca. Miguel Grau 879
LA LIBERTAD,JULCAN,JULCAN,Av. 28 de Julio N° 201 Centro Cívico
LA LIBERTAD,SANTIAGO DE CHUCO,SANTIAGO DE CHUCO,Calle Luis de la Puente Uceda N| 1120
LA LIBERTAD,PATAZ,PARCOY,Jr. San Martin Nº 859
LA LIBERTAD,TRUJILLO,EL PORVENIR,Centro Poblado Alto Trujillo Barrio 3 Mz T Lt 2
LA LIBERTAD,TRUJILLO,EL PORVENIR,Jr. Gabriel Aguilar N° 1657 2do.  Piso
LA LIBERTAD,GRAN CHIMU,CASCAS,Ca. Progreso s/n cuadra 3
LA LIBERTAD,CHEPEN,CHEPEN,Calle San Pedro N° 610 Sector V
LA LIBERTAD,PATAZ,TAYABAMBA,Jr. Sucre 337 - Centro Cívico piso 1
LA LIBERTAD,TRUJILLO,VICTOR LARCO HERRERA,Av. Larco Nº 1096 Urb. Vista Alegre 
LA LIBERTAD,TRUJILLO,TRUJILLO,Av. Pablo Casals Mz A Lt 06 Urb. Los Cedro
LA LIBERTAD,BOLIVAR,BOLIVAR,Jirón Bolívar N° 319
LAMBAYEQUE,CHICLAYO,CHICLAYO,Av. Balta Nº 680 Esq. Elías Aguirre
LAMBAYEQUE,CHICLAYO,CHICLAYO,Ca. Cacique Cinto Nº 317 Urb. Latina 
LAMBAYEQUE,FERREÑAFE,FERREÑAFE,Calle Tres Marías N° 717- B
LAMBAYEQUE,LAMBAYEQUE,LAMBAYEQUE,Av. Huamachuco N° 342
LIMA,LIMA,MIRAFLORES,Av. Diez Canseco Nº 230
LIMA,LIMA,INDEPENDENCIA,Ca. Los Andes Nº 486 Urb. Industrial Panamericana Norte
LIMA,LIMA,LIMA,Jr Cusco 652 (Plaza Castañeta) Cercado de Lima
LIMA,LIMA,LIMA,Jr. Ancash Nº 336 - 430
LIMA,LIMA,JESUS MARIA,Jr. Talara Nº 130- 134 y 136
LIMA,LIMA,SAN BORJA,Av. San Luis Nº 1673 urb. Jacaranda II
LIMA,LIMA,SAN BORJA,Av. San Luis Nº 1673 urb. Jacaranda II
LIMA,LIMA,SAN JUAN DE LURIGANCHO,también entrega DNIde EREP SJL
LIMA,LIMA,SAN JUAN DE MIRAFLORES,Av. Billinghurst Nº 767 - 769
LIMA,LIMA,SANTA ANITA,Av. Los Eucaliptos Nº 947 urb. Universal
LIMA,LIMA,ATE,Jr. Industrial Nº 438 442 Mz F Lt. 52
LIMA,LIMA,CIENEGUILLA,Av. San Martín Lt 15 Mz D Zona D Cpr Tambo Viejo
LIMA,LIMA,LURIGANCHO,Jr. Chucuito Nº 248
LIMA,LIMA,PUENTE PIEDRA,Jr. Ricardo Palma Nº 241
LIMA,LIMA,COMAS,Av. San Felipe Nº 830 Urb. San Felipe
LIMA,LIMA,LURIN,Jr. Bolívar Nº 267
LIMA,LIMA,PAHCACAMAC,Av. Paul Poblet Nº 3111 Frontis del C.C Jumbo
LIMA,LIMA,SAN MARTIN DE PORRES,Av. Eduardo de Habicho Nº 590
LIMA,LIMA,VILLA EL SALVADOR,Av. Arriba Perú Nº 640 Sector 2. Grupo 7
LIMA,LIMA,JESUS MARIA,Av. 6 de agosto Nº 856 Jesús María
LIMA,LIMA,LIMA,Av. Tupac Amaru Nº 5527 - 5531 - 5535 Urb. Huaquillay
LIMA,LIMA,SANTIAGO DE SURCO,Av. Santiago de Surco Nº 2807 Ex Av. Tomás Marsano
LIMA,LIMA,SAN ISIDRO,Av. Javier Prado Este Nº 990
LIMA,LIMA,LIMA,Jr. Quilca Nº 501 - 525
LIMA,Canta,Canta,Jirón  Independencia Nº 308 Municipio (Plaza de Armas)
LIMA,HUAURA,OYÓN,Jr. Unión s/n Sede Municipal Provincial de Oyón
LIMA,LIMA,CALLAO,Av. Ayacucho Mz G Lt. 07 costado de sede Municipal
LIMA,YAUYOS,YAUYOS,Ca. Plaza Constitución 101 Plaza Municipal
LIMA,HUAROCHIRI,MATUCANA,Jr. Tacna s/n Nuevo Centro Cívico
LIMA,CAÑETE,CAÑETE,Av. Libertadores Mz. D3 Lt 4A Urb. Tercer mundo
LIMA,BARRANCA,BARRANCA,Avenida Independencia N° 674 -676- 678
LIMA,CAJATAMBO,CAJATAMBO,Plaza de armas 133 
LIMA,HUAURA,HUACHO,Av. Grau N° 295
LIMA,HUARAL,HUARAL,Pasaje los Pinos 149 Urb. El Rosario
LIMA,CALLAO,CALLAO,Av. 2 de mayo Nº 440
LIMA,CALLAO,VENTANILLA,Av. Pachacútec Nº 225 Sector B Grupo Residencial B1 Mz F1
LIMA,LIMA,EL AGUSTINO,
LIMA,LIMA,VENTANILLA,
LIMA,LIMA,BELLAVISTA,
LIMA,LIMA,INDEPENDENCIA,
LORETO,MAYNAS,MAYNAS,Jr. Próspero Nº 201 Maynas
LORETO,Maynas,Belén,Calle Miraflores S/N
LORETO,ALTO AMAZONAS,YURIMAGUAS,Ca. Mariscal Castilla Nº 411 Yurimaguas 
LORETO,MAYNAS,PUNCHANA,Ca. Cusco cdra. 6 (cruce ca. Trujillo)
LORETO,UCAYALI,CONTAMANA,Calle Nuevo Loreto Mz 38c Lt 5b
LORETO,DATEM DEL MARAÑON,BARRANCA,Calle Tigre Mz 31 Lt .08 San Lorenzo
LORETO,LORETO,NAUTA,Calle Manuel Pacaya N° 570
LORETO,REQUENA,REQUENA,Calle San Antonio s/n
LORETO,MARISCAL RAMON CASTILLA,MARSCAL RAMON CASTILLA,Calle Ayacucho Mz 22 Lt 4C con Amazonas S/N local municipal
LORETO,MAYNAS,SAN JUAN BAUTISTA,Av. Abelardo Quiñones N° 2371 km 2.5
LORETO,PUTUMAYO,PUTUMAYO,Calle Arequipa s/n 
LORETO,MARISCAL RAMON CASTILLA,YAVARI,Calle ueva Jerusalen s/n
MADRE DE DIOS,TAMBOPATA,TAMBOPATA,Jr. Lambayeque 159
MADRE DE DIOS,TAHUAMANU,IBERIA,Av Máximo Rodríguez Nº 124 Plaza de Armas
MOQUEGUA,MARISCAL NIETO,MOQUEGUA,Calle Lima Nº 676 
MOQUEGUA,ILO,ILO,Av. Ayacucho 529
PASCO,PASCO,PASCO,Centro Comercial San Juan Pampa Edif. 4 Tienda 3 San Juan Pampa
PASCO,Oxapampa,Oxapampa,Jr. Huancabamba S/N Mz 62 -Estadio Municipal
PASCO,Oxapampa,Puerto Bermúdez, Avenida Remigio Morales Bermúdez S/N
PASCO,Pasco,Paucartambo, Plaza 28 de Julio S/N
PASCO,Oxapampa,CONSTITUCION,Av. Bernardo Belaunde s/n 4ta etapa
PASCO,Oxapampa,PALCAZÚ,Av. Juan Santos Atahualpa Mz U lt 01
PASCO,DANIEL ALCIDES CARRION,YANAHUANCA,Jr. Jorge Chavez s/n  Plaza Principal
PASCO,PASCO,HUARIACA,Jirón 28 de julio 125
PIURA,PIURA,PIURA,Jr. Libertad Nº 568
PIURA,SULLANA,SULLANA,Ca. Leoncio Prado Nº 517
PIURA,MORROPON,MORROPON,Ca. Lima Nº 496 - 497 Chulucanas
PIURA,Paita,Paita,Jr. San Martín s/n Plaza de Armas Municipalidad de Paita
PIURA,PIURA,PIURA,Atención desde OR Piura
PIURA,Sechura,Sechura,Calle Dos de Mayo Nº 618 - Plaza de Armas - Municipalidad de Sechura
PIURA,PIURA,TAMBO GRANDE,Jr. Salitral Nº 241
PIURA,AYABACA,FRIAS,Calle Lima N° 235 2do piso
PIURA,TALARA,TALARA,Av. Martires Petroleros B-3 Conjunto ]Habitacional
PIURA,HUANCABAMBA,HUANCABAMBA,Avenida Centenario s/n Tienda 14 Completo Terminal Terrestre
PIURA,AYABACA,AYABACA,Calle Bolognesi 181
PUNO,PUNO,PUNO,Jirón Arequipa Nº 1145 Puno
PUNO,SAN ROMAN,SAN ROMAN,Jirón Bracesco Nº 181 Juliaca
PUNO,AZANGARO,AZANGARO,Jr. Azangaro N° 160 Palacio Municipal
PUNO,CARABAYA,MACUSANI,Jr. Raimondi N° 116
PUNO,CHUCUITO,JULI,Jr. Ilave 325 - Mercado Central Municipio
PUNO,EL COLLAO,LLAVE,Jr. Bolognesi s/n Coliseo Cubierto Ilave Oficina 02
PUNO,HUANCANE,HUANCANE,Jr. Moquegua N° 104 - Barrio Progreso
PUNO,LAMPA,LAMPA,Jr. Alfonso Ugarte N° 343
PUNO,MELGAR,AYAVIRI,Calle Jorge Chavez N° 550
PUNO,SAN ANTONIO DE PUTINA,PUTINA,Plaza de Armas s/n Palacio Municipal
PUNO,SANDIA ,SANDIA,Jr. Lima N° 320 Coliseo Cubierto
PUNO,YUNGUYO,YUNGUYO,Jr. Grau N° 240
SAN MARTIN,SAN MARTIN ,SAN MARTIN ,Jr. Jiménez Pimentel Nº 280
SAN MARTIN,RIOJA,RIOJA,Jirón Angaiza Nº 470 - 474 Rioja San Martin
SAN MARTIN,El Dorado ,San Jose de Sisa,Jr. Comercio N° 610
SAN MARTIN,Lamas,Lamas,Jr. San Martín N° 984
SAN MARTIN,MARISCAL CACERES,MARISCAL CACERES,Jr. Eduardo Peña Meza N° 772 
SAN MARTIN,MOYOBAMBA ,MOYOBAMBA ,Jr. Dos de Mayo Mz. 1530 Lote 14 (837)
SAN MARTIN,Tocache,Tocache,Jr San Juan Cdra 7 Centro Civico 1er Piso
SAN MARTIN,BELLAVISTA,BELLAVISTA, Jirón  Huallaga / Iquitos Mz.7 lote 27 - A
SAN MARTIN,RIOJA,NUEVA CAJAMARCA,Carretera Fernando Belúnde Terry Alt. Del km 447.50
SAN MARTIN,PICOTA,PICOTA,Jr. Miguel Grau Nº 338
SAN MARTIN,HUALLAGA,SAPOSOA,Jr. Lima 591
SAN MARTIN,SAN MARTIN ,LA BANDA DE SHILCAYO,
TACNA,TACNA,TACNA,Calle  Deustua Nº 173.
TUMBES,TUMBES,TUMBES,Jr. Abad Puell Nº 841 - Plazuela Bolognesi
TUMBES,ZARUMILLA,ZARUMILLA,Av. El Ejército Nº 105 int. Biblioteca municipal
TUMBES,CONTRALMIRANTE VILLAR,ZORRITOS,"Av. Grau Nº 305 Zorritos, Tumbes"
UCAYALI,CORONEL PORTILLO,CORONEL PORTILLO,Jr. 9 de diciembre Nº 378 Esq con Jr. Tacna Nº 891
UCAYALI,Atalaya,RAIMONDI,Jirón Rioja Nº 659 Raimondi Atalaya Ucayali
UCAYALI,Padre Abad,Padre Abad,Avenida Jr. Grau Nº 202
UCAYALI,PADRE ABAD,IRAZOLA,Jr. Progreso s/n Padre Abad
UCAYALI,ATALAYA,TAHUANIA,Jr. 7 de junio s/n Atalaya
UCAYALI,PURUS,PURUS,Av. Purus s/n
UCAYALI,CORONEL PORTILLO,CALLERIA,
UCAYALI,Atalaya,Raymondi,
UCAYALI,Coronel Portillo,Yarinacocha,
